--
-- PostgreSQL database dump
--

-- Dumped from database version 17.4 (Debian 17.4-1.pgdg120+2)
-- Dumped by pg_dump version 17.4 (Debian 17.4-1.pgdg120+2)

SET statement_timeout = 0;
SET lock_timeout = 0;
SET idle_in_transaction_session_timeout = 0;
SET transaction_timeout = 0;
SET client_encoding = 'UTF8';
SET standard_conforming_strings = on;
SELECT pg_catalog.set_config('search_path', '', false);
SET check_function_bodies = false;
SET xmloption = content;
SET client_min_messages = warning;
SET row_security = off;

SET default_tablespace = '';

SET default_table_access_method = heap;

--
-- Name: auth_group; Type: TABLE; Schema: public; Owner: user
--

CREATE TABLE public.auth_group (
    id integer NOT NULL,
    name character varying(150) NOT NULL
);


ALTER TABLE public.auth_group OWNER TO "user";

--
-- Name: auth_group_id_seq; Type: SEQUENCE; Schema: public; Owner: user
--

ALTER TABLE public.auth_group ALTER COLUMN id ADD GENERATED BY DEFAULT AS IDENTITY (
    SEQUENCE NAME public.auth_group_id_seq
    START WITH 1
    INCREMENT BY 1
    NO MINVALUE
    NO MAXVALUE
    CACHE 1
);


--
-- Name: auth_group_permissions; Type: TABLE; Schema: public; Owner: user
--

CREATE TABLE public.auth_group_permissions (
    id bigint NOT NULL,
    group_id integer NOT NULL,
    permission_id integer NOT NULL
);


ALTER TABLE public.auth_group_permissions OWNER TO "user";

--
-- Name: auth_group_permissions_id_seq; Type: SEQUENCE; Schema: public; Owner: user
--

ALTER TABLE public.auth_group_permissions ALTER COLUMN id ADD GENERATED BY DEFAULT AS IDENTITY (
    SEQUENCE NAME public.auth_group_permissions_id_seq
    START WITH 1
    INCREMENT BY 1
    NO MINVALUE
    NO MAXVALUE
    CACHE 1
);


--
-- Name: auth_permission; Type: TABLE; Schema: public; Owner: user
--

CREATE TABLE public.auth_permission (
    id integer NOT NULL,
    name character varying(255) NOT NULL,
    content_type_id integer NOT NULL,
    codename character varying(100) NOT NULL
);


ALTER TABLE public.auth_permission OWNER TO "user";

--
-- Name: auth_permission_id_seq; Type: SEQUENCE; Schema: public; Owner: user
--

ALTER TABLE public.auth_permission ALTER COLUMN id ADD GENERATED BY DEFAULT AS IDENTITY (
    SEQUENCE NAME public.auth_permission_id_seq
    START WITH 1
    INCREMENT BY 1
    NO MINVALUE
    NO MAXVALUE
    CACHE 1
);


--
-- Name: authentication_customuser; Type: TABLE; Schema: public; Owner: user
--

CREATE TABLE public.authentication_customuser (
    id bigint NOT NULL,
    password character varying(128) NOT NULL,
    last_login timestamp with time zone,
    is_superuser boolean NOT NULL,
    username character varying(150) NOT NULL,
    first_name character varying(150) NOT NULL,
    last_name character varying(150) NOT NULL,
    email character varying(254) NOT NULL,
    is_staff boolean NOT NULL,
    is_active boolean NOT NULL,
    date_joined timestamp with time zone NOT NULL,
    role character varying(20) NOT NULL
);


ALTER TABLE public.authentication_customuser OWNER TO "user";

--
-- Name: authentication_customuser_groups; Type: TABLE; Schema: public; Owner: user
--

CREATE TABLE public.authentication_customuser_groups (
    id bigint NOT NULL,
    customuser_id bigint NOT NULL,
    group_id integer NOT NULL
);


ALTER TABLE public.authentication_customuser_groups OWNER TO "user";

--
-- Name: authentication_customuser_groups_id_seq; Type: SEQUENCE; Schema: public; Owner: user
--

ALTER TABLE public.authentication_customuser_groups ALTER COLUMN id ADD GENERATED BY DEFAULT AS IDENTITY (
    SEQUENCE NAME public.authentication_customuser_groups_id_seq
    START WITH 1
    INCREMENT BY 1
    NO MINVALUE
    NO MAXVALUE
    CACHE 1
);


--
-- Name: authentication_customuser_id_seq; Type: SEQUENCE; Schema: public; Owner: user
--

ALTER TABLE public.authentication_customuser ALTER COLUMN id ADD GENERATED BY DEFAULT AS IDENTITY (
    SEQUENCE NAME public.authentication_customuser_id_seq
    START WITH 1
    INCREMENT BY 1
    NO MINVALUE
    NO MAXVALUE
    CACHE 1
);


--
-- Name: authentication_customuser_user_permissions; Type: TABLE; Schema: public; Owner: user
--

CREATE TABLE public.authentication_customuser_user_permissions (
    id bigint NOT NULL,
    customuser_id bigint NOT NULL,
    permission_id integer NOT NULL
);


ALTER TABLE public.authentication_customuser_user_permissions OWNER TO "user";

--
-- Name: authentication_customuser_user_permissions_id_seq; Type: SEQUENCE; Schema: public; Owner: user
--

ALTER TABLE public.authentication_customuser_user_permissions ALTER COLUMN id ADD GENERATED BY DEFAULT AS IDENTITY (
    SEQUENCE NAME public.authentication_customuser_user_permissions_id_seq
    START WITH 1
    INCREMENT BY 1
    NO MINVALUE
    NO MAXVALUE
    CACHE 1
);


--
-- Name: claims_accident; Type: TABLE; Schema: public; Owner: user
--

CREATE TABLE public.claims_accident (
    id bigint NOT NULL,
    accident_date timestamp with time zone NOT NULL,
    accident_type character varying(255) NOT NULL,
    accident_description text,
    police_report_filed boolean NOT NULL,
    witness_present boolean NOT NULL,
    weather_conditions character varying(255),
    reported_by_id bigint
);


ALTER TABLE public.claims_accident OWNER TO "user";

--
-- Name: claims_accident_id_seq; Type: SEQUENCE; Schema: public; Owner: user
--

ALTER TABLE public.claims_accident ALTER COLUMN id ADD GENERATED BY DEFAULT AS IDENTITY (
    SEQUENCE NAME public.claims_accident_id_seq
    START WITH 1
    INCREMENT BY 1
    NO MINVALUE
    NO MAXVALUE
    CACHE 1
);


--
-- Name: claims_claim; Type: TABLE; Schema: public; Owner: user
--

CREATE TABLE public.claims_claim (
    id bigint NOT NULL,
    claim_date timestamp with time zone NOT NULL,
    settlement_value numeric(10,2) NOT NULL,
    special_health_expenses numeric(10,2) NOT NULL,
    special_reduction numeric(10,2) NOT NULL,
    special_overage numeric(10,2) NOT NULL,
    general_rest numeric(10,2) NOT NULL,
    special_additional_injury numeric(10,2) NOT NULL,
    special_earnings_loss numeric(10,2) NOT NULL,
    special_usage_loss numeric(10,2) NOT NULL,
    special_medications numeric(10,2) NOT NULL,
    special_asset_damage numeric(10,2) NOT NULL,
    special_rehabilitation numeric(10,2) NOT NULL,
    special_fixes numeric(10,2) NOT NULL,
    general_fixed numeric(10,2) NOT NULL,
    general_uplift numeric(10,2) NOT NULL,
    special_loaner_vehicle numeric(10,2) NOT NULL,
    special_trip_costs numeric(10,2) NOT NULL,
    special_journey_expenses numeric(10,2) NOT NULL,
    special_therapy numeric(10,2) NOT NULL,
    prediction_result jsonb,
    accident_id bigint
);


ALTER TABLE public.claims_claim OWNER TO "user";

--
-- Name: claims_claim_id_seq; Type: SEQUENCE; Schema: public; Owner: user
--

ALTER TABLE public.claims_claim ALTER COLUMN id ADD GENERATED BY DEFAULT AS IDENTITY (
    SEQUENCE NAME public.claims_claim_id_seq
    START WITH 1
    INCREMENT BY 1
    NO MINVALUE
    NO MAXVALUE
    CACHE 1
);


--
-- Name: claims_driver; Type: TABLE; Schema: public; Owner: user
--

CREATE TABLE public.claims_driver (
    id bigint NOT NULL,
    driver_age integer NOT NULL,
    gender character varying(10),
    accident_id bigint
);


ALTER TABLE public.claims_driver OWNER TO "user";

--
-- Name: claims_driver_id_seq; Type: SEQUENCE; Schema: public; Owner: user
--

ALTER TABLE public.claims_driver ALTER COLUMN id ADD GENERATED BY DEFAULT AS IDENTITY (
    SEQUENCE NAME public.claims_driver_id_seq
    START WITH 1
    INCREMENT BY 1
    NO MINVALUE
    NO MAXVALUE
    CACHE 1
);


--
-- Name: claims_injury; Type: TABLE; Schema: public; Owner: user
--

CREATE TABLE public.claims_injury (
    id bigint NOT NULL,
    injury_prognosis character varying(255),
    injury_description text,
    dominant_injury character varying(255),
    whiplash boolean NOT NULL,
    minor_psychological_injury boolean NOT NULL,
    exceptional_circumstances boolean NOT NULL,
    accident_id bigint
);


ALTER TABLE public.claims_injury OWNER TO "user";

--
-- Name: claims_injury_id_seq; Type: SEQUENCE; Schema: public; Owner: user
--

ALTER TABLE public.claims_injury ALTER COLUMN id ADD GENERATED BY DEFAULT AS IDENTITY (
    SEQUENCE NAME public.claims_injury_id_seq
    START WITH 1
    INCREMENT BY 1
    NO MINVALUE
    NO MAXVALUE
    CACHE 1
);


--
-- Name: claims_vehicle; Type: TABLE; Schema: public; Owner: user
--

CREATE TABLE public.claims_vehicle (
    id bigint NOT NULL,
    vehicle_age integer NOT NULL,
    vehicle_type character varying(255),
    number_of_passengers integer NOT NULL,
    accident_id bigint
);


ALTER TABLE public.claims_vehicle OWNER TO "user";

--
-- Name: claims_vehicle_id_seq; Type: SEQUENCE; Schema: public; Owner: user
--

ALTER TABLE public.claims_vehicle ALTER COLUMN id ADD GENERATED BY DEFAULT AS IDENTITY (
    SEQUENCE NAME public.claims_vehicle_id_seq
    START WITH 1
    INCREMENT BY 1
    NO MINVALUE
    NO MAXVALUE
    CACHE 1
);


--
-- Name: django_admin_log; Type: TABLE; Schema: public; Owner: user
--

CREATE TABLE public.django_admin_log (
    id integer NOT NULL,
    action_time timestamp with time zone NOT NULL,
    object_id text,
    object_repr character varying(200) NOT NULL,
    action_flag smallint NOT NULL,
    change_message text NOT NULL,
    content_type_id integer,
    user_id bigint NOT NULL,
    CONSTRAINT django_admin_log_action_flag_check CHECK ((action_flag >= 0))
);


ALTER TABLE public.django_admin_log OWNER TO "user";

--
-- Name: django_admin_log_id_seq; Type: SEQUENCE; Schema: public; Owner: user
--

ALTER TABLE public.django_admin_log ALTER COLUMN id ADD GENERATED BY DEFAULT AS IDENTITY (
    SEQUENCE NAME public.django_admin_log_id_seq
    START WITH 1
    INCREMENT BY 1
    NO MINVALUE
    NO MAXVALUE
    CACHE 1
);


--
-- Name: django_content_type; Type: TABLE; Schema: public; Owner: user
--

CREATE TABLE public.django_content_type (
    id integer NOT NULL,
    app_label character varying(100) NOT NULL,
    model character varying(100) NOT NULL
);


ALTER TABLE public.django_content_type OWNER TO "user";

--
-- Name: django_content_type_id_seq; Type: SEQUENCE; Schema: public; Owner: user
--

ALTER TABLE public.django_content_type ALTER COLUMN id ADD GENERATED BY DEFAULT AS IDENTITY (
    SEQUENCE NAME public.django_content_type_id_seq
    START WITH 1
    INCREMENT BY 1
    NO MINVALUE
    NO MAXVALUE
    CACHE 1
);


--
-- Name: django_migrations; Type: TABLE; Schema: public; Owner: user
--

CREATE TABLE public.django_migrations (
    id bigint NOT NULL,
    app character varying(255) NOT NULL,
    name character varying(255) NOT NULL,
    applied timestamp with time zone NOT NULL
);


ALTER TABLE public.django_migrations OWNER TO "user";

--
-- Name: django_migrations_id_seq; Type: SEQUENCE; Schema: public; Owner: user
--

ALTER TABLE public.django_migrations ALTER COLUMN id ADD GENERATED BY DEFAULT AS IDENTITY (
    SEQUENCE NAME public.django_migrations_id_seq
    START WITH 1
    INCREMENT BY 1
    NO MINVALUE
    NO MAXVALUE
    CACHE 1
);


--
-- Name: django_session; Type: TABLE; Schema: public; Owner: user
--

CREATE TABLE public.django_session (
    session_key character varying(40) NOT NULL,
    session_data text NOT NULL,
    expire_date timestamp with time zone NOT NULL
);


ALTER TABLE public.django_session OWNER TO "user";

--
-- Data for Name: auth_group; Type: TABLE DATA; Schema: public; Owner: user
--

COPY public.auth_group (id, name) FROM stdin;
\.


--
-- Data for Name: auth_group_permissions; Type: TABLE DATA; Schema: public; Owner: user
--

COPY public.auth_group_permissions (id, group_id, permission_id) FROM stdin;
\.


--
-- Data for Name: auth_permission; Type: TABLE DATA; Schema: public; Owner: user
--

COPY public.auth_permission (id, name, content_type_id, codename) FROM stdin;
1	Can add log entry	1	add_logentry
2	Can change log entry	1	change_logentry
3	Can delete log entry	1	delete_logentry
4	Can view log entry	1	view_logentry
5	Can add permission	2	add_permission
6	Can change permission	2	change_permission
7	Can delete permission	2	delete_permission
8	Can view permission	2	view_permission
9	Can add group	3	add_group
10	Can change group	3	change_group
11	Can delete group	3	delete_group
12	Can view group	3	view_group
13	Can add content type	4	add_contenttype
14	Can change content type	4	change_contenttype
15	Can delete content type	4	delete_contenttype
16	Can view content type	4	view_contenttype
17	Can add session	5	add_session
18	Can change session	5	change_session
19	Can delete session	5	delete_session
20	Can view session	5	view_session
21	Can add custom user	6	add_customuser
22	Can change custom user	6	change_customuser
23	Can delete custom user	6	delete_customuser
24	Can view custom user	6	view_customuser
25	Can add accident	7	add_accident
26	Can change accident	7	change_accident
27	Can delete accident	7	delete_accident
28	Can view accident	7	view_accident
29	Can add claim	8	add_claim
30	Can change claim	8	change_claim
31	Can delete claim	8	delete_claim
32	Can view claim	8	view_claim
33	Can add driver	9	add_driver
34	Can change driver	9	change_driver
35	Can delete driver	9	delete_driver
36	Can view driver	9	view_driver
37	Can add injury	10	add_injury
38	Can change injury	10	change_injury
39	Can delete injury	10	delete_injury
40	Can view injury	10	view_injury
41	Can add vehicle	11	add_vehicle
42	Can change vehicle	11	change_vehicle
43	Can delete vehicle	11	delete_vehicle
44	Can view vehicle	11	view_vehicle
\.


--
-- Data for Name: authentication_customuser; Type: TABLE DATA; Schema: public; Owner: user
--

COPY public.authentication_customuser (id, password, last_login, is_superuser, username, first_name, last_name, email, is_staff, is_active, date_joined, role) FROM stdin;
1	pbkdf2_sha256$870000$Ho4epz2BOkooKRuASY2rZz$Rx5srHBSnvWe9yV/KnbIZD6m18AF0rm9jeSP65ObKQU=	\N	t	Dominic			dominic@example.com	t	t	2025-04-30 16:40:54.51949+00	admin
2	pbkdf2_sha256$870000$v3r0F8KFUOEjmK4uBwT8Q2$NT9I12kUIbNzVMj6TRScgfenT6EK8G44ewLein7JzQ0=	\N	t	admin_user			admin@example.com	t	t	2025-04-30 16:40:54.941748+00	admin
3	pbkdf2_sha256$870000$qhjxPvRLTeU1126VZpAu2G$KOoXKu/+9sy4ZVcYmb4fPbQ9h/rAkbDtha++6+/hIS4=	\N	f	engineer_user			engineer@example.com	f	t	2025-04-30 16:40:55.347296+00	engineer
4	pbkdf2_sha256$870000$KiSGwktaZrOtOzBlyZVibM$jnTZwBMo0d/FOMQyb4sByNxHQoo9XcsoZ8cwAQ1es0I=	\N	f	finance_user			finance@example.com	f	t	2025-04-30 16:40:55.814788+00	finance
5	pbkdf2_sha256$870000$grAi890b8bHhlxL45XUn5e$2BP6ej9P92hLIteMHtSqpfXq/ncrCqhNhLiK03CleQs=	\N	f	enduser			enduser@example.com	f	t	2025-04-30 16:40:56.16289+00	enduser
\.


--
-- Data for Name: authentication_customuser_groups; Type: TABLE DATA; Schema: public; Owner: user
--

COPY public.authentication_customuser_groups (id, customuser_id, group_id) FROM stdin;
\.


--
-- Data for Name: authentication_customuser_user_permissions; Type: TABLE DATA; Schema: public; Owner: user
--

COPY public.authentication_customuser_user_permissions (id, customuser_id, permission_id) FROM stdin;
\.


--
-- Data for Name: claims_accident; Type: TABLE DATA; Schema: public; Owner: user
--

COPY public.claims_accident (id, accident_date, accident_type, accident_description, police_report_filed, witness_present, weather_conditions, reported_by_id) FROM stdin;
\.


--
-- Data for Name: claims_claim; Type: TABLE DATA; Schema: public; Owner: user
--

COPY public.claims_claim (id, claim_date, settlement_value, special_health_expenses, special_reduction, special_overage, general_rest, special_additional_injury, special_earnings_loss, special_usage_loss, special_medications, special_asset_damage, special_rehabilitation, special_fixes, general_fixed, general_uplift, special_loaner_vehicle, special_trip_costs, special_journey_expenses, special_therapy, prediction_result, accident_id) FROM stdin;
\.


--
-- Data for Name: claims_driver; Type: TABLE DATA; Schema: public; Owner: user
--

COPY public.claims_driver (id, driver_age, gender, accident_id) FROM stdin;
\.


--
-- Data for Name: claims_injury; Type: TABLE DATA; Schema: public; Owner: user
--

COPY public.claims_injury (id, injury_prognosis, injury_description, dominant_injury, whiplash, minor_psychological_injury, exceptional_circumstances, accident_id) FROM stdin;
\.


--
-- Data for Name: claims_vehicle; Type: TABLE DATA; Schema: public; Owner: user
--

COPY public.claims_vehicle (id, vehicle_age, vehicle_type, number_of_passengers, accident_id) FROM stdin;
\.


--
-- Data for Name: django_admin_log; Type: TABLE DATA; Schema: public; Owner: user
--

COPY public.django_admin_log (id, action_time, object_id, object_repr, action_flag, change_message, content_type_id, user_id) FROM stdin;
\.


--
-- Data for Name: django_content_type; Type: TABLE DATA; Schema: public; Owner: user
--

COPY public.django_content_type (id, app_label, model) FROM stdin;
1	admin	logentry
2	auth	permission
3	auth	group
4	contenttypes	contenttype
5	sessions	session
6	authentication	customuser
7	claims	accident
8	claims	claim
9	claims	driver
10	claims	injury
11	claims	vehicle
\.


--
-- Data for Name: django_migrations; Type: TABLE DATA; Schema: public; Owner: user
--

COPY public.django_migrations (id, app, name, applied) FROM stdin;
1	contenttypes	0001_initial	2025-04-30 16:37:07.446615+00
2	contenttypes	0002_remove_content_type_name	2025-04-30 16:37:07.454476+00
3	auth	0001_initial	2025-04-30 16:37:07.482576+00
4	auth	0002_alter_permission_name_max_length	2025-04-30 16:37:07.489657+00
5	auth	0003_alter_user_email_max_length	2025-04-30 16:37:07.497076+00
6	auth	0004_alter_user_username_opts	2025-04-30 16:37:07.505234+00
7	auth	0005_alter_user_last_login_null	2025-04-30 16:37:07.512272+00
8	auth	0006_require_contenttypes_0002	2025-04-30 16:37:07.516226+00
9	auth	0007_alter_validators_add_error_messages	2025-04-30 16:37:07.523558+00
10	auth	0008_alter_user_username_max_length	2025-04-30 16:37:07.530884+00
11	auth	0009_alter_user_last_name_max_length	2025-04-30 16:37:07.53858+00
12	auth	0010_alter_group_name_max_length	2025-04-30 16:37:07.547182+00
13	auth	0011_update_proxy_permissions	2025-04-30 16:37:07.555605+00
14	auth	0012_alter_user_first_name_max_length	2025-04-30 16:37:07.562506+00
15	authentication	0001_initial	2025-04-30 16:37:07.591737+00
16	admin	0001_initial	2025-04-30 16:37:07.609085+00
17	admin	0002_logentry_remove_auto_add	2025-04-30 16:37:07.619434+00
18	admin	0003_logentry_add_action_flag_choices	2025-04-30 16:37:07.628988+00
19	claims	0001_initial	2025-04-30 16:37:07.704366+00
20	sessions	0001_initial	2025-04-30 16:37:07.714043+00
\.


--
-- Data for Name: django_session; Type: TABLE DATA; Schema: public; Owner: user
--

COPY public.django_session (session_key, session_data, expire_date) FROM stdin;
\.


--
-- Name: auth_group_id_seq; Type: SEQUENCE SET; Schema: public; Owner: user
--

SELECT pg_catalog.setval('public.auth_group_id_seq', 1, false);


--
-- Name: auth_group_permissions_id_seq; Type: SEQUENCE SET; Schema: public; Owner: user
--

SELECT pg_catalog.setval('public.auth_group_permissions_id_seq', 1, false);


--
-- Name: auth_permission_id_seq; Type: SEQUENCE SET; Schema: public; Owner: user
--

SELECT pg_catalog.setval('public.auth_permission_id_seq', 44, true);


--
-- Name: authentication_customuser_groups_id_seq; Type: SEQUENCE SET; Schema: public; Owner: user
--

SELECT pg_catalog.setval('public.authentication_customuser_groups_id_seq', 1, false);


--
-- Name: authentication_customuser_id_seq; Type: SEQUENCE SET; Schema: public; Owner: user
--

SELECT pg_catalog.setval('public.authentication_customuser_id_seq', 5, true);


--
-- Name: authentication_customuser_user_permissions_id_seq; Type: SEQUENCE SET; Schema: public; Owner: user
--

SELECT pg_catalog.setval('public.authentication_customuser_user_permissions_id_seq', 1, false);


--
-- Name: claims_accident_id_seq; Type: SEQUENCE SET; Schema: public; Owner: user
--

SELECT pg_catalog.setval('public.claims_accident_id_seq', 1, false);


--
-- Name: claims_claim_id_seq; Type: SEQUENCE SET; Schema: public; Owner: user
--

SELECT pg_catalog.setval('public.claims_claim_id_seq', 1, false);


--
-- Name: claims_driver_id_seq; Type: SEQUENCE SET; Schema: public; Owner: user
--

SELECT pg_catalog.setval('public.claims_driver_id_seq', 1, false);


--
-- Name: claims_injury_id_seq; Type: SEQUENCE SET; Schema: public; Owner: user
--

SELECT pg_catalog.setval('public.claims_injury_id_seq', 1, false);


--
-- Name: claims_vehicle_id_seq; Type: SEQUENCE SET; Schema: public; Owner: user
--

SELECT pg_catalog.setval('public.claims_vehicle_id_seq', 1, false);


--
-- Name: django_admin_log_id_seq; Type: SEQUENCE SET; Schema: public; Owner: user
--

SELECT pg_catalog.setval('public.django_admin_log_id_seq', 1, false);


--
-- Name: django_content_type_id_seq; Type: SEQUENCE SET; Schema: public; Owner: user
--

SELECT pg_catalog.setval('public.django_content_type_id_seq', 11, true);


--
-- Name: django_migrations_id_seq; Type: SEQUENCE SET; Schema: public; Owner: user
--

SELECT pg_catalog.setval('public.django_migrations_id_seq', 20, true);


--
-- Name: auth_group auth_group_name_key; Type: CONSTRAINT; Schema: public; Owner: user
--

ALTER TABLE ONLY public.auth_group
    ADD CONSTRAINT auth_group_name_key UNIQUE (name);


--
-- Name: auth_group_permissions auth_group_permissions_group_id_permission_id_0cd325b0_uniq; Type: CONSTRAINT; Schema: public; Owner: user
--

ALTER TABLE ONLY public.auth_group_permissions
    ADD CONSTRAINT auth_group_permissions_group_id_permission_id_0cd325b0_uniq UNIQUE (group_id, permission_id);


--
-- Name: auth_group_permissions auth_group_permissions_pkey; Type: CONSTRAINT; Schema: public; Owner: user
--

ALTER TABLE ONLY public.auth_group_permissions
    ADD CONSTRAINT auth_group_permissions_pkey PRIMARY KEY (id);


--
-- Name: auth_group auth_group_pkey; Type: CONSTRAINT; Schema: public; Owner: user
--

ALTER TABLE ONLY public.auth_group
    ADD CONSTRAINT auth_group_pkey PRIMARY KEY (id);


--
-- Name: auth_permission auth_permission_content_type_id_codename_01ab375a_uniq; Type: CONSTRAINT; Schema: public; Owner: user
--

ALTER TABLE ONLY public.auth_permission
    ADD CONSTRAINT auth_permission_content_type_id_codename_01ab375a_uniq UNIQUE (content_type_id, codename);


--
-- Name: auth_permission auth_permission_pkey; Type: CONSTRAINT; Schema: public; Owner: user
--

ALTER TABLE ONLY public.auth_permission
    ADD CONSTRAINT auth_permission_pkey PRIMARY KEY (id);


--
-- Name: authentication_customuser_groups authentication_customuse_customuser_id_group_id_8a637646_uniq; Type: CONSTRAINT; Schema: public; Owner: user
--

ALTER TABLE ONLY public.authentication_customuser_groups
    ADD CONSTRAINT authentication_customuse_customuser_id_group_id_8a637646_uniq UNIQUE (customuser_id, group_id);


--
-- Name: authentication_customuser_user_permissions authentication_customuse_customuser_id_permission_923704b1_uniq; Type: CONSTRAINT; Schema: public; Owner: user
--

ALTER TABLE ONLY public.authentication_customuser_user_permissions
    ADD CONSTRAINT authentication_customuse_customuser_id_permission_923704b1_uniq UNIQUE (customuser_id, permission_id);


--
-- Name: authentication_customuser_groups authentication_customuser_groups_pkey; Type: CONSTRAINT; Schema: public; Owner: user
--

ALTER TABLE ONLY public.authentication_customuser_groups
    ADD CONSTRAINT authentication_customuser_groups_pkey PRIMARY KEY (id);


--
-- Name: authentication_customuser authentication_customuser_pkey; Type: CONSTRAINT; Schema: public; Owner: user
--

ALTER TABLE ONLY public.authentication_customuser
    ADD CONSTRAINT authentication_customuser_pkey PRIMARY KEY (id);


--
-- Name: authentication_customuser_user_permissions authentication_customuser_user_permissions_pkey; Type: CONSTRAINT; Schema: public; Owner: user
--

ALTER TABLE ONLY public.authentication_customuser_user_permissions
    ADD CONSTRAINT authentication_customuser_user_permissions_pkey PRIMARY KEY (id);


--
-- Name: authentication_customuser authentication_customuser_username_key; Type: CONSTRAINT; Schema: public; Owner: user
--

ALTER TABLE ONLY public.authentication_customuser
    ADD CONSTRAINT authentication_customuser_username_key UNIQUE (username);


--
-- Name: claims_accident claims_accident_pkey; Type: CONSTRAINT; Schema: public; Owner: user
--

ALTER TABLE ONLY public.claims_accident
    ADD CONSTRAINT claims_accident_pkey PRIMARY KEY (id);


--
-- Name: claims_claim claims_claim_pkey; Type: CONSTRAINT; Schema: public; Owner: user
--

ALTER TABLE ONLY public.claims_claim
    ADD CONSTRAINT claims_claim_pkey PRIMARY KEY (id);


--
-- Name: claims_driver claims_driver_pkey; Type: CONSTRAINT; Schema: public; Owner: user
--

ALTER TABLE ONLY public.claims_driver
    ADD CONSTRAINT claims_driver_pkey PRIMARY KEY (id);


--
-- Name: claims_injury claims_injury_pkey; Type: CONSTRAINT; Schema: public; Owner: user
--

ALTER TABLE ONLY public.claims_injury
    ADD CONSTRAINT claims_injury_pkey PRIMARY KEY (id);


--
-- Name: claims_vehicle claims_vehicle_pkey; Type: CONSTRAINT; Schema: public; Owner: user
--

ALTER TABLE ONLY public.claims_vehicle
    ADD CONSTRAINT claims_vehicle_pkey PRIMARY KEY (id);


--
-- Name: django_admin_log django_admin_log_pkey; Type: CONSTRAINT; Schema: public; Owner: user
--

ALTER TABLE ONLY public.django_admin_log
    ADD CONSTRAINT django_admin_log_pkey PRIMARY KEY (id);


--
-- Name: django_content_type django_content_type_app_label_model_76bd3d3b_uniq; Type: CONSTRAINT; Schema: public; Owner: user
--

ALTER TABLE ONLY public.django_content_type
    ADD CONSTRAINT django_content_type_app_label_model_76bd3d3b_uniq UNIQUE (app_label, model);


--
-- Name: django_content_type django_content_type_pkey; Type: CONSTRAINT; Schema: public; Owner: user
--

ALTER TABLE ONLY public.django_content_type
    ADD CONSTRAINT django_content_type_pkey PRIMARY KEY (id);


--
-- Name: django_migrations django_migrations_pkey; Type: CONSTRAINT; Schema: public; Owner: user
--

ALTER TABLE ONLY public.django_migrations
    ADD CONSTRAINT django_migrations_pkey PRIMARY KEY (id);


--
-- Name: django_session django_session_pkey; Type: CONSTRAINT; Schema: public; Owner: user
--

ALTER TABLE ONLY public.django_session
    ADD CONSTRAINT django_session_pkey PRIMARY KEY (session_key);


--
-- Name: auth_group_name_a6ea08ec_like; Type: INDEX; Schema: public; Owner: user
--

CREATE INDEX auth_group_name_a6ea08ec_like ON public.auth_group USING btree (name varchar_pattern_ops);


--
-- Name: auth_group_permissions_group_id_b120cbf9; Type: INDEX; Schema: public; Owner: user
--

CREATE INDEX auth_group_permissions_group_id_b120cbf9 ON public.auth_group_permissions USING btree (group_id);


--
-- Name: auth_group_permissions_permission_id_84c5c92e; Type: INDEX; Schema: public; Owner: user
--

CREATE INDEX auth_group_permissions_permission_id_84c5c92e ON public.auth_group_permissions USING btree (permission_id);


--
-- Name: auth_permission_content_type_id_2f476e4b; Type: INDEX; Schema: public; Owner: user
--

CREATE INDEX auth_permission_content_type_id_2f476e4b ON public.auth_permission USING btree (content_type_id);


--
-- Name: authentication_customuser__customuser_id_33d2a5f7; Type: INDEX; Schema: public; Owner: user
--

CREATE INDEX authentication_customuser__customuser_id_33d2a5f7 ON public.authentication_customuser_user_permissions USING btree (customuser_id);


--
-- Name: authentication_customuser__permission_id_e47332af; Type: INDEX; Schema: public; Owner: user
--

CREATE INDEX authentication_customuser__permission_id_e47332af ON public.authentication_customuser_user_permissions USING btree (permission_id);


--
-- Name: authentication_customuser_groups_customuser_id_a7d1343c; Type: INDEX; Schema: public; Owner: user
--

CREATE INDEX authentication_customuser_groups_customuser_id_a7d1343c ON public.authentication_customuser_groups USING btree (customuser_id);


--
-- Name: authentication_customuser_groups_group_id_c5ef1d10; Type: INDEX; Schema: public; Owner: user
--

CREATE INDEX authentication_customuser_groups_group_id_c5ef1d10 ON public.authentication_customuser_groups USING btree (group_id);


--
-- Name: authentication_customuser_username_3dffdf84_like; Type: INDEX; Schema: public; Owner: user
--

CREATE INDEX authentication_customuser_username_3dffdf84_like ON public.authentication_customuser USING btree (username varchar_pattern_ops);


--
-- Name: claims_accident_reported_by_id_74609ec2; Type: INDEX; Schema: public; Owner: user
--

CREATE INDEX claims_accident_reported_by_id_74609ec2 ON public.claims_accident USING btree (reported_by_id);


--
-- Name: claims_claim_accident_id_15b6212e; Type: INDEX; Schema: public; Owner: user
--

CREATE INDEX claims_claim_accident_id_15b6212e ON public.claims_claim USING btree (accident_id);


--
-- Name: claims_driver_accident_id_ec9632a4; Type: INDEX; Schema: public; Owner: user
--

CREATE INDEX claims_driver_accident_id_ec9632a4 ON public.claims_driver USING btree (accident_id);


--
-- Name: claims_injury_accident_id_c170f029; Type: INDEX; Schema: public; Owner: user
--

CREATE INDEX claims_injury_accident_id_c170f029 ON public.claims_injury USING btree (accident_id);


--
-- Name: claims_vehicle_accident_id_d5721fb8; Type: INDEX; Schema: public; Owner: user
--

CREATE INDEX claims_vehicle_accident_id_d5721fb8 ON public.claims_vehicle USING btree (accident_id);


--
-- Name: django_admin_log_content_type_id_c4bce8eb; Type: INDEX; Schema: public; Owner: user
--

CREATE INDEX django_admin_log_content_type_id_c4bce8eb ON public.django_admin_log USING btree (content_type_id);


--
-- Name: django_admin_log_user_id_c564eba6; Type: INDEX; Schema: public; Owner: user
--

CREATE INDEX django_admin_log_user_id_c564eba6 ON public.django_admin_log USING btree (user_id);


--
-- Name: django_session_expire_date_a5c62663; Type: INDEX; Schema: public; Owner: user
--

CREATE INDEX django_session_expire_date_a5c62663 ON public.django_session USING btree (expire_date);


--
-- Name: django_session_session_key_c0390e0f_like; Type: INDEX; Schema: public; Owner: user
--

CREATE INDEX django_session_session_key_c0390e0f_like ON public.django_session USING btree (session_key varchar_pattern_ops);


--
-- Name: auth_group_permissions auth_group_permissio_permission_id_84c5c92e_fk_auth_perm; Type: FK CONSTRAINT; Schema: public; Owner: user
--

ALTER TABLE ONLY public.auth_group_permissions
    ADD CONSTRAINT auth_group_permissio_permission_id_84c5c92e_fk_auth_perm FOREIGN KEY (permission_id) REFERENCES public.auth_permission(id) DEFERRABLE INITIALLY DEFERRED;


--
-- Name: auth_group_permissions auth_group_permissions_group_id_b120cbf9_fk_auth_group_id; Type: FK CONSTRAINT; Schema: public; Owner: user
--

ALTER TABLE ONLY public.auth_group_permissions
    ADD CONSTRAINT auth_group_permissions_group_id_b120cbf9_fk_auth_group_id FOREIGN KEY (group_id) REFERENCES public.auth_group(id) DEFERRABLE INITIALLY DEFERRED;


--
-- Name: auth_permission auth_permission_content_type_id_2f476e4b_fk_django_co; Type: FK CONSTRAINT; Schema: public; Owner: user
--

ALTER TABLE ONLY public.auth_permission
    ADD CONSTRAINT auth_permission_content_type_id_2f476e4b_fk_django_co FOREIGN KEY (content_type_id) REFERENCES public.django_content_type(id) DEFERRABLE INITIALLY DEFERRED;


--
-- Name: authentication_customuser_user_permissions authentication_custo_customuser_id_33d2a5f7_fk_authentic; Type: FK CONSTRAINT; Schema: public; Owner: user
--

ALTER TABLE ONLY public.authentication_customuser_user_permissions
    ADD CONSTRAINT authentication_custo_customuser_id_33d2a5f7_fk_authentic FOREIGN KEY (customuser_id) REFERENCES public.authentication_customuser(id) DEFERRABLE INITIALLY DEFERRED;


--
-- Name: authentication_customuser_groups authentication_custo_customuser_id_a7d1343c_fk_authentic; Type: FK CONSTRAINT; Schema: public; Owner: user
--

ALTER TABLE ONLY public.authentication_customuser_groups
    ADD CONSTRAINT authentication_custo_customuser_id_a7d1343c_fk_authentic FOREIGN KEY (customuser_id) REFERENCES public.authentication_customuser(id) DEFERRABLE INITIALLY DEFERRED;


--
-- Name: authentication_customuser_groups authentication_custo_group_id_c5ef1d10_fk_auth_grou; Type: FK CONSTRAINT; Schema: public; Owner: user
--

ALTER TABLE ONLY public.authentication_customuser_groups
    ADD CONSTRAINT authentication_custo_group_id_c5ef1d10_fk_auth_grou FOREIGN KEY (group_id) REFERENCES public.auth_group(id) DEFERRABLE INITIALLY DEFERRED;


--
-- Name: authentication_customuser_user_permissions authentication_custo_permission_id_e47332af_fk_auth_perm; Type: FK CONSTRAINT; Schema: public; Owner: user
--

ALTER TABLE ONLY public.authentication_customuser_user_permissions
    ADD CONSTRAINT authentication_custo_permission_id_e47332af_fk_auth_perm FOREIGN KEY (permission_id) REFERENCES public.auth_permission(id) DEFERRABLE INITIALLY DEFERRED;


--
-- Name: claims_accident claims_accident_reported_by_id_74609ec2_fk_authentic; Type: FK CONSTRAINT; Schema: public; Owner: user
--

ALTER TABLE ONLY public.claims_accident
    ADD CONSTRAINT claims_accident_reported_by_id_74609ec2_fk_authentic FOREIGN KEY (reported_by_id) REFERENCES public.authentication_customuser(id) DEFERRABLE INITIALLY DEFERRED;


--
-- Name: claims_claim claims_claim_accident_id_15b6212e_fk_claims_accident_id; Type: FK CONSTRAINT; Schema: public; Owner: user
--

ALTER TABLE ONLY public.claims_claim
    ADD CONSTRAINT claims_claim_accident_id_15b6212e_fk_claims_accident_id FOREIGN KEY (accident_id) REFERENCES public.claims_accident(id) DEFERRABLE INITIALLY DEFERRED;


--
-- Name: claims_driver claims_driver_accident_id_ec9632a4_fk_claims_accident_id; Type: FK CONSTRAINT; Schema: public; Owner: user
--

ALTER TABLE ONLY public.claims_driver
    ADD CONSTRAINT claims_driver_accident_id_ec9632a4_fk_claims_accident_id FOREIGN KEY (accident_id) REFERENCES public.claims_accident(id) DEFERRABLE INITIALLY DEFERRED;


--
-- Name: claims_injury claims_injury_accident_id_c170f029_fk_claims_accident_id; Type: FK CONSTRAINT; Schema: public; Owner: user
--

ALTER TABLE ONLY public.claims_injury
    ADD CONSTRAINT claims_injury_accident_id_c170f029_fk_claims_accident_id FOREIGN KEY (accident_id) REFERENCES public.claims_accident(id) DEFERRABLE INITIALLY DEFERRED;


--
-- Name: claims_vehicle claims_vehicle_accident_id_d5721fb8_fk_claims_accident_id; Type: FK CONSTRAINT; Schema: public; Owner: user
--

ALTER TABLE ONLY public.claims_vehicle
    ADD CONSTRAINT claims_vehicle_accident_id_d5721fb8_fk_claims_accident_id FOREIGN KEY (accident_id) REFERENCES public.claims_accident(id) DEFERRABLE INITIALLY DEFERRED;


--
-- Name: django_admin_log django_admin_log_content_type_id_c4bce8eb_fk_django_co; Type: FK CONSTRAINT; Schema: public; Owner: user
--

ALTER TABLE ONLY public.django_admin_log
    ADD CONSTRAINT django_admin_log_content_type_id_c4bce8eb_fk_django_co FOREIGN KEY (content_type_id) REFERENCES public.django_content_type(id) DEFERRABLE INITIALLY DEFERRED;


--
-- Name: django_admin_log django_admin_log_user_id_c564eba6_fk_authentic; Type: FK CONSTRAINT; Schema: public; Owner: user
--

ALTER TABLE ONLY public.django_admin_log
    ADD CONSTRAINT django_admin_log_user_id_c564eba6_fk_authentic FOREIGN KEY (user_id) REFERENCES public.authentication_customuser(id) DEFERRABLE INITIALLY DEFERRED;


--
-- PostgreSQL database dump complete
--

